DNN-1,DNN-2,Rate,Processors,Memory,Response Time,error_percentage,Baseline-Response,Response Time Inflation,fat_response_time,fat_inflation,Baseline-Sum,Baseline-DNN-2,sum_of_fat_cohost_times,SLA_Level_1,SLA_Level_2,SLA_Level_3,All_SLA_Levels_Violated,sla_level_1_fat,sla_level_2_fat,sla_level_3_fat,all_fat_sla_levels_violated,UL-1,UL-2,SLA_1_Diff,SLA_2_Diff,SLA_3_Diff,SLA1<30,SLA2<30%,SLA3<30%
bert,dbert,2,6,6,556.4,0,779.5,0.713790892,1229.1,1.576779987,1067.8,288.3,1865,0,0,0,1,1,1,1,0,3,1,0.820273185,0.64054637,0.281092739,0,0,1
bert,dbert,4,6,6,94.7,0,78.1,1.212548015,89.2,1.14212548,308,229.9,268.2,1,1,1,0,1,1,1,0,3,1,0.055966209,1.111932418,3.223864836,1,0,0
bert,dbert,6,6,6,113.1,0,85.6,1.321261682,127.1,1.484813084,374.5,288.9,356,0,1,1,0,1,1,1,0,3,1,0.115826702,0.768346596,2.536693192,1,0,0
bert,dbert,8,6,6,134.2,0,90.8,1.477973568,208.1,2.29185022,512.1,421.3,548.6,0,1,1,0,1,1,1,0,3,1,0.254843517,0.490312966,1.980625931,1,0,0
bert,dbert,10,6,6,146.7,0,99.2,1.478830645,1293,13.03427419,889,789.8,2807.3,0,1,1,0,1,1,1,0,3,1,0.318336742,0.363326517,1.726653033,0,0,0
bert,dbert,12,6,6,162.7,0,108.3,1.502308403,6319.4,58.35087719,4627.4,4519.1,13333,0,1,1,0,0,0,1,0,3,1,0.38537185,0.2292563,1.4585126,0,1,0
bert,dbert,14,6,6,176,0,116.3,1.513327601,12570.5,108.0868444,10597.6,10481.3,26317.1,0,1,1,0,0,0,0,1,3,1,0.431818182,0.136363636,1.272727273,0,1,0
bert,dbert,16,6,6,191.4,0,124.3,1.539823009,20018.3,161.0482703,14562.6,14438.3,41867.1,0,1,1,0,0,0,0,1,3,1,0.47753396,0.044932079,1.089864159,0,1,0
bert,dbert,18,6,6,221.4,0,141.9,1.5602537,22909.2,161.4460888,19763.1,19621.2,48748.2,0,0,1,0,0,0,0,1,3,1,0.548328817,0.096657633,0.806684734,0,1,0
bert,dbert,20,6,6,274.8,0,164.1,1.674588665,27944.3,170.2882389,26275.7,26111.6,62060.4,0,0,1,0,0,0,0,1,3,1,0.636098981,0.272197962,0.455604076,0,1,0
bert,dbert,2,8,8,483.2,0,1272.2,0.379814495,884,0.694859299,1764.7,492.5,1270.7,0,0,0,1,1,1,1,0,3,1,0.793046358,0.586092715,0.17218543,0,0,1
bert,dbert,4,8,8,84.6,0,70.5,1.2,69.3,0.982978723,246.9,176.4,204.5,1,1,1,0,1,1,1,0,3,1,0.182033097,1.364066194,3.728132388,1,0,0
bert,dbert,6,8,8,104.8,0,78,1.343589744,88.7,1.137179487,288.9,210.9,255.5,0,1,1,0,1,1,1,0,3,1,0.045801527,0.908396947,2.816793893,1,0,0
bert,dbert,8,8,8,123.2,0,83.1,1.482551143,109.1,1.312876053,348,264.9,316.9,0,1,1,0,1,1,1,0,3,1,0.188311688,0.623376623,2.246753247,1,0,0
bert,dbert,10,8,8,164.5,0,88.2,1.865079365,149.4,1.693877551,441.2,353,416.6,0,1,1,0,1,1,1,0,3,1,0.392097264,0.215805471,1.431610942,0,1,0
bert,dbert,12,8,8,192.2,0,94.8,2.02742616,451.7,4.764767932,607.5,512.7,1095.6,0,1,1,0,1,1,1,0,3,1,0.479708637,0.040582726,1.081165453,0,1,0
bert,dbert,14,8,8,215.9,0,99.6,2.167670683,3839.3,38.54718876,1010.7,911.1,8213.5,0,0,1,0,0,1,1,0,3,1,0.536822603,0.073645206,0.852709588,0,1,0
bert,dbert,16,8,8,239.8,0,108,2.22037037,7955.2,73.65925926,3934.4,3826.4,16712.8,0,0,1,0,0,0,1,0,3,1,0.582985822,0.165971643,0.668056714,0,1,0
bert,dbert,18,8,8,266.7,0,125,2.1336,14684.2,117.4736,7704.8,7579.8,29836.6,0,0,1,0,0,0,0,1,3,1,0.625046869,0.250093738,0.499812523,0,1,0
bert,dbert,20,8,8,300.4,0,139.7,2.150322119,19857.6,142.1445956,12326.4,12186.7,40080,0,0,1,0,0,0,0,1,3,1,0.667110519,0.334221039,0.331557923,0,0,0
bert,dbert,2,12,12,871.4,0,747.6,1.165596576,1180,1.578384163,1211.9,464.3,1548.1,0,0,0,1,1,1,1,0,3,1,0.885242139,0.770484278,0.540968556,0,0,0
bert,dbert,4,12,12,78.1,0,60.7,1.286655684,68.8,1.133443163,218.3,157.6,194.8,1,1,1,0,1,1,1,0,3,1,0.280409731,1.560819462,4.121638924,1,0,0
bert,dbert,6,12,12,95.2,0,65.1,1.462365591,81.7,1.25499232,245.1,180,231.7,1,1,1,0,1,1,1,0,3,1,0.050420168,1.100840336,3.201680672,1,0,0
bert,dbert,8,12,12,113.8,0,66.2,1.719033233,99.5,1.503021148,276,209.8,287.3,0,1,1,0,1,1,1,0,3,1,0.121265378,0.757469244,2.514938489,1,0,0
bert,dbert,10,12,12,158.9,0,71.6,2.219273743,134.3,1.875698324,321,249.4,374.3,0,1,1,0,1,1,1,0,3,1,0.370673379,0.258653241,1.517306482,0,1,0
bert,dbert,12,12,12,208,0,75.6,2.751322751,272.3,3.601851852,396.5,320.9,739.4,0,0,1,0,1,1,1,0,3,1,0.519230769,0.038461538,0.923076923,0,1,0
bert,dbert,14,12,12,263.1,0,80.7,3.260223048,2779.1,34.43742255,517.2,436.5,5962.6,0,0,1,0,0,1,1,0,3,1,0.619916382,0.239832763,0.520334474,0,1,0
bert,dbert,16,12,12,354.4,0,85.4,4.149882904,8817,103.2435597,779.7,694.3,18035.2,0,0,1,0,0,0,1,0,3,1,0.717832957,0.435665914,0.128668172,0,0,1
bert,dbert,18,12,12,481,0,91.7,5.245365322,13307.2,145.1166848,1260.6,1168.9,27000.6,0,0,0,1,0,0,0,1,3,1,0.792099792,0.584199584,0.168399168,0,0,1
bert,dbert,20,12,12,609.4,0,102.7,5.933787731,15943.5,155.2434275,3414.6,3311.9,32151.7,0,0,0,1,0,0,0,1,3,1,0.835904168,0.671808336,0.343616672,0,0,0
bert,mnist,4,6,6,78.6,0,78.1,1.006402049,65,0.832266325,80.8,2.7,68.1,1,1,1,0,1,1,1,0,3,4,0.272264631,1.544529262,4.089058524,1,0,0
bert,mnist,6,6,6,85.6,0,85.6,1,67.4,0.787383178,88.3,2.7,70.5,1,1,1,0,1,1,1,0,3,4,0.168224299,1.336448598,3.672897196,1,0,0
bert,mnist,8,6,6,92,0,90.8,1.013215859,68.4,0.753303965,93.3,2.5,71.5,1,1,1,0,1,1,1,0,3,4,0.086956522,1.173913043,3.347826087,1,0,0
bert,mnist,10,6,6,98,0,99.2,0.987903226,72.2,0.727822581,101.9,2.7,75.3,1,1,1,0,1,1,1,0,3,4,0.020408163,1.040816327,3.081632653,1,0,0
bert,mnist,12,6,6,107.9,0,108.3,0.996306556,76,0.701754386,110.8,2.5,79.3,0,1,1,0,1,1,1,0,3,4,0.073215941,0.853568119,2.707136237,1,0,0
bert,mnist,14,6,6,117.6,0,116.3,1.011177988,81,0.696474635,118.8,2.5,84.6,0,1,1,0,1,1,1,0,3,4,0.149659864,0.700680272,2.401360544,1,0,0
bert,mnist,16,6,6,126.9,0,124.3,1.020917136,88.5,0.711987128,126.8,2.5,92.2,0,1,1,0,1,1,1,0,3,4,0.211977935,0.576044129,2.152088258,1,0,0
bert,mnist,18,6,6,146.8,0,141.9,1.03453136,103.4,0.728682171,144.4,2.5,109.9,0,1,1,0,1,1,1,0,3,4,0.31880109,0.36239782,1.72479564,0,0,0
bert,mnist,20,6,6,168.4,0,164.1,1.026203534,129.2,0.787324802,166.6,2.5,143,0,1,1,0,1,1,1,0,3,4,0.406175772,0.187648456,1.375296912,0,1,0
bert,mnist,4,8,8,74.5,0,70.5,1.056737589,58.3,0.826950355,73.1,2.6,61.2,1,1,1,0,1,1,1,0,3,4,0.342281879,1.684563758,4.369127517,0,0,0
bert,mnist,6,8,8,79.6,0,78,1.020512821,61.5,0.788461539,80.6,2.6,64.6,1,1,1,0,1,1,1,0,3,4,0.256281407,1.512562814,4.025125628,1,0,0
bert,mnist,8,8,8,84.7,0,83.1,1.019253911,63.1,0.759326113,85.6,2.5,66.2,1,1,1,0,1,1,1,0,3,4,0.180637544,1.361275089,3.722550177,1,0,0
bert,mnist,10,8,8,87,0,88.2,0.986394558,68.4,0.775510204,90.8,2.6,71.7,1,1,1,0,1,1,1,0,3,4,0.149425287,1.298850575,3.597701149,1,0,0
bert,mnist,12,8,8,93.1,0,94.8,0.982067511,72.4,0.76371308,97.2,2.4,75.8,1,1,1,0,1,1,1,0,3,4,0.074113856,1.148227712,3.296455424,1,0,0
bert,mnist,14,8,8,100.8,0,99.6,1.012048193,79,0.793172691,101.9,2.3,83.1,0,1,1,0,1,1,1,0,3,4,0.007936508,0.984126984,2.968253968,1,0,0
bert,mnist,16,8,8,109.3,0,108,1.012037037,86.8,0.803703704,110.3,2.3,90.5,0,1,1,0,1,1,1,0,3,4,0.085086917,0.829826167,2.659652333,1,0,0
bert,mnist,18,8,8,126.3,0,125,1.0104,95.2,0.7616,127.3,2.3,99.7,0,1,1,0,1,1,1,0,3,4,0.208234363,0.583531275,2.167062549,1,0,0
bert,mnist,20,8,8,146.8,0,139.7,1.050823193,105.3,0.753758053,142.1,2.4,110.5,0,1,1,0,1,1,1,0,3,4,0.31880109,0.36239782,1.72479564,0,0,0
bert,mnist,2,12,12,1224.4,0,747.6,1.637774211,536.9,0.718164794,751.6,4,541.1,0,0,0,1,1,1,1,0,3,4,0.918327344,0.836654688,0.673309376,0,0,0
bert,mnist,4,12,12,61.7,0,60.7,1.016474465,57.6,0.94892916,63.1,2.4,60.7,1,1,1,0,1,1,1,0,3,4,0.620745543,2.241491086,5.482982172,0,0,0
bert,mnist,6,12,12,64.5,0,65.1,0.99078341,57,0.875576037,67.5,2.4,60.1,1,1,1,0,1,1,1,0,3,4,0.550387597,2.100775194,5.201550388,0,0,0
bert,mnist,8,12,12,69.4,0,66.2,1.048338369,59.3,0.895770393,68.5,2.3,62.6,1,1,1,0,1,1,1,0,3,4,0.44092219,1.88184438,4.763688761,0,0,0
bert,mnist,10,12,12,74,0,71.6,1.033519553,64.3,0.898044693,73.9,2.3,67.8,1,1,1,0,1,1,1,0,3,4,0.351351351,1.702702703,4.405405405,0,0,0
bert,mnist,12,12,12,77,0,75.6,1.018518519,68.5,0.906084656,77.9,2.3,72,1,1,1,0,1,1,1,0,3,4,0.298701299,1.597402597,4.194805195,1,0,0
bert,mnist,14,12,12,79.2,0,80.7,0.981412639,72.8,0.902106568,83.1,2.4,76.6,1,1,1,0,1,1,1,0,3,4,0.262626263,1.525252525,4.050505051,1,0,0
bert,mnist,16,12,12,82.6,0,85.4,0.967213115,73.2,0.857142857,88,2.6,76.9,1,1,1,0,1,1,1,0,3,4,0.210653753,1.421307506,3.842615012,1,0,0
bert,mnist,18,12,12,93.6,0,91.7,1.020719738,80.7,0.880043621,94.2,2.5,84.3,1,1,1,0,1,1,1,0,3,4,0.068376068,1.136752137,3.273504274,1,0,0
bert,mnist,20,12,12,105.6,0,102.7,1.028237585,89.9,0.875365141,105.1,2.4,93.8,0,1,1,0,1,1,1,0,3,4,0.053030303,0.893939394,2.787878788,1,0,0
bert,resnet,2,6,6,508.1,0,779.5,0.651828095,1474.1,1.891084028,933.2,153.7,1688.8,0,0,0,1,1,1,1,0,3,2,0.803188349,0.606376698,0.212753395,0,0,1
bert,resnet,4,6,6,93.4,0,78.1,1.195902689,77,0.985915493,252.5,174.4,212,1,1,1,0,1,1,1,0,3,2,0.070663812,1.141327623,3.282655246,1,0,0
bert,resnet,6,6,6,108.8,0,85.6,1.271028037,99.5,1.162383178,296.7,211.1,271.9,0,1,1,0,1,1,1,0,3,2,0.080882353,0.838235294,2.676470588,1,0,0
bert,resnet,8,6,6,121.2,0,90.8,1.334801762,144.7,1.593612335,358.9,268.1,372.9,0,1,1,0,1,1,1,0,3,2,0.174917492,0.650165017,2.300330033,1,0,0
bert,resnet,10,6,6,138.3,0,99.2,1.394153226,246.2,2.481854839,489.7,390.5,592.6,0,1,1,0,1,1,1,0,3,2,0.276934201,0.446131598,1.892263196,1,0,0
bert,resnet,12,6,6,155.8,0,108.3,1.438596491,2610.7,24.10618652,1070.9,962.6,5486,0,1,1,0,0,1,1,0,3,2,0.358151476,0.283697047,1.567394095,0,1,0
bert,resnet,14,6,6,174.6,0,116.3,1.501289768,6776.8,58.2699914,4811.5,4695.2,14167.4,0,1,1,0,0,0,1,0,3,2,0.427262314,0.145475372,1.290950745,0,1,0
bert,resnet,16,6,6,190.7,0,124.3,1.534191472,11634.5,93.6001609,9120.1,8995.8,24183.7,0,1,1,0,0,0,0,1,3,2,0.475616151,0.048767698,1.097535396,0,1,0
bert,resnet,18,6,6,223.4,0,141.9,1.574348132,16491.1,116.2163495,14165.6,14023.7,34097.6,0,0,1,0,0,0,0,1,3,2,0.552372426,0.104744852,0.790510295,0,1,0
bert,resnet,20,6,6,284,0,164.1,1.730652041,21656.4,131.9707495,18954.4,18790.3,45416,0,0,1,0,0,0,0,1,3,2,0.647887324,0.295774648,0.408450704,0,1,0
bert,resnet,2,8,8,976.5,0,1272.2,0.767567993,637.9,0.501414872,1405.2,133,767,0,0,0,1,1,1,1,0,3,2,0.897593446,0.795186892,0.590373784,0,0,0
bert,resnet,4,8,8,90.6,0,70.5,1.285106383,75,1.063829787,219.6,149.1,203.5,1,1,1,0,1,1,1,0,3,2,0.103752759,1.207505519,3.415011038,1,0,0
bert,resnet,6,8,8,97,0,78,1.243589744,87.1,1.116666667,246.7,168.7,246.4,1,1,1,0,1,1,1,0,3,2,0.030927835,1.06185567,3.12371134,1,0,0
bert,resnet,8,8,8,113.4,0,83.1,1.364620939,105,1.263537906,279,195.9,292,0,1,1,0,1,1,1,0,3,2,0.118165785,0.76366843,2.527336861,1,0,0
bert,resnet,10,8,8,133.2,0,88.2,1.510204082,166,1.882086168,328.3,240.1,448.2,0,1,1,0,1,1,1,0,3,2,0.249249249,0.501501502,2.003003003,1,0,0
bert,resnet,12,8,8,159.5,0,94.8,1.682489451,1461.1,15.41244726,441.4,346.6,3026.9,0,1,1,0,1,1,1,0,3,2,0.373040752,0.253918495,1.507836991,0,1,0
bert,resnet,14,8,8,183.2,0,99.6,1.83935743,5942.6,59.66465863,650.8,551.2,12130.2,0,1,1,0,0,0,1,0,3,2,0.454148472,0.091703057,1.183406114,0,1,0
bert,resnet,16,8,8,223.3,0,108,2.067592593,9759.8,90.36851852,2115.9,2007.9,19813.1,0,0,1,0,0,0,1,0,3,2,0.552171966,0.104343932,0.791312136,0,1,0
bert,resnet,18,8,8,268,0,125,2.144,12728.9,101.8312,6862.5,6737.5,25669.5,0,0,1,0,0,0,0,1,3,2,0.626865672,0.253731343,0.492537313,0,1,0
bert,resnet,20,8,8,321.5,0,139.7,2.301360057,16970.1,121.4753042,11035.9,10896.2,34238.3,0,0,1,0,0,0,0,1,3,2,0.688958009,0.377916019,0.244167963,0,0,1
bert,resnet,2,12,12,1827.7,0,747.6,2.444756554,644.5,0.862092028,859,111.4,743.3,0,0,0,1,1,1,1,0,3,2,0.945286426,0.890572851,0.781145702,0,0,0
bert,resnet,4,12,12,72.6,0,60.7,1.196046129,68.2,1.123558484,173.9,113.2,171,1,1,1,0,1,1,1,0,3,2,0.377410468,1.754820937,4.509641873,0,0,0
bert,resnet,6,12,12,86,0,65.1,1.321044547,83.1,1.276497696,196.6,131.5,215.6,1,1,1,0,1,1,1,0,3,2,0.162790698,1.325581395,3.651162791,1,0,0
bert,resnet,8,12,12,109.4,0,66.2,1.652567976,99.1,1.496978852,207.6,141.4,254,0,1,1,0,1,1,1,0,3,2,0.085923218,0.828153565,2.65630713,1,0,0
bert,resnet,10,12,12,154,0,71.6,2.150837989,115.4,1.611731844,231.8,160.2,305.4,0,1,1,0,1,1,1,0,3,2,0.350649351,0.298701299,1.597402597,0,1,0
bert,resnet,12,12,12,205.8,0,75.6,2.722222222,176.2,2.330687831,262.2,186.6,476,0,0,1,0,1,1,1,0,3,2,0.514091351,0.028182702,0.943634597,0,1,0
bert,resnet,14,12,12,279,0,80.7,3.457249071,1476.2,18.29244114,318.3,237.6,3137.1,0,0,1,0,1,1,1,0,3,2,0.641577061,0.283154122,0.433691756,0,1,0
bert,resnet,16,12,12,277,0,85.4,3.243559719,5987.7,70.11358314,413.7,328.3,12259,0,0,1,0,0,0,1,0,3,2,0.63898917,0.277978339,0.444043321,0,1,0
bert,resnet,18,12,12,336.3,0,91.7,3.667393675,12169.3,132.7077426,572.3,480.6,24565.6,0,0,1,0,0,0,0,1,3,2,0.702646447,0.405292893,0.189414213,0,0,1
bert,resnet,20,12,12,401.7,0,102.7,3.911392405,19540.4,190.2667965,933.9,831.2,39483.1,0,0,0,1,0,0,0,1,3,2,0.751058003,0.502116007,0.004232014,0,0,1
dbert,bert,2,6,6,456.8,0,288.3,1.584460631,635.9,2.205688519,1067.8,779.5,1865,1,1,1,0,1,1,1,0,1,3,4.472854641,9.945709282,20.89141856,0,0,0
dbert,bert,4,6,6,244.6,0,229.9,1.063940844,179,0.778599391,308,78.1,268.2,1,1,1,0,1,1,1,0,1,3,9.220768602,19.4415372,39.88307441,0,0,0
dbert,bert,6,6,6,341.8,0,288.9,1.183108342,228.9,0.79231568,374.5,85.6,356,1,1,1,0,1,1,1,0,1,3,6.314218841,13.62843768,28.25687537,0,0,0
dbert,bert,8,6,6,723.6,0,421.3,1.717540945,340.5,0.808212675,512.1,90.8,548.6,1,1,1,0,1,1,1,0,1,3,2.454947485,5.90989497,12.81978994,0,0,0
dbert,bert,10,6,6,2442.8,0,789.8,3.09293492,1514.3,1.917320841,889,99.2,2807.3,1,1,1,0,1,1,1,0,1,3,0.023415752,1.046831505,3.09366301,1,0,0
dbert,bert,12,6,6,8884.5,0,4519.1,1.965988803,7013.6,1.551990441,4627.4,108.3,13333,0,0,1,0,0,0,1,0,1,3,0.718611064,0.437222128,0.125555743,0,0,1
dbert,bert,14,6,6,14347.4,0,10481.3,1.368856917,13746.6,1.311535783,10597.6,116.3,26317.1,0,0,0,1,0,0,0,1,1,3,0.825752401,0.651504802,0.303009605,0,0,0
dbert,bert,16,6,6,21874.4,0,14438.3,1.515026007,21848.8,1.513252945,14562.6,124.3,41867.1,0,0,0,1,0,0,0,1,1,3,0.885711151,0.771422302,0.542844604,0,0,0
dbert,bert,18,6,6,24242.5,0,19621.2,1.23552586,25839,1.316891933,19763.1,141.9,48748.2,0,0,0,1,0,0,0,1,1,3,0.896875322,0.793750645,0.587501289,0,0,0
dbert,bert,20,6,6,26658.4,0,26111.6,1.020940885,34116.1,1.306549579,26275.7,164.1,62060.4,0,0,0,1,0,0,0,1,1,3,0.906220928,0.812441857,0.624883714,0,0,0
dbert,bert,2,8,8,520.4,0,492.5,1.056649746,386.7,0.785177665,1764.7,1272.2,1270.7,1,1,1,0,1,1,1,0,1,3,3.803996925,8.607993851,18.2159877,0,0,0
dbert,bert,4,8,8,190.3,0,176.4,1.078798186,135.2,0.766439909,246.9,70.5,204.5,1,1,1,0,1,1,1,0,1,3,12.13715187,25.27430373,51.54860746,0,0,0
dbert,bert,6,8,8,244.3,0,210.9,1.158368895,166.8,0.790896159,288.9,78,255.5,1,1,1,0,1,1,1,0,1,3,9.233319689,19.46663938,39.93327876,0,0,0
dbert,bert,8,8,8,345.9,0,264.9,1.305775764,207.8,0.784446961,348,83.1,316.9,1,1,1,0,1,1,1,0,1,3,6.227522405,13.45504481,27.91008962,0,0,0
dbert,bert,10,8,8,596,0,353,1.688385269,267.2,0.75694051,441.2,88.2,416.6,1,1,1,0,1,1,1,0,1,3,3.194630872,7.389261745,15.77852349,0,0,0
dbert,bert,12,8,8,1810.5,0,512.7,3.531304857,643.9,1.255900137,607.5,94.8,1095.6,1,1,1,0,1,1,1,0,1,3,0.380834024,1.761668048,4.523336095,0,0,0
dbert,bert,14,8,8,8185.3,0,911.1,8.983975414,4374.2,4.801009768,1010.7,99.6,8213.5,0,0,1,0,0,1,1,0,1,3,0.69457442,0.38914884,0.22170232,0,0,1
dbert,bert,16,8,8,15223.7,0,3826.4,3.978596069,8757.6,2.288730922,3934.4,108,16712.8,0,0,0,1,0,0,1,0,1,3,0.835782366,0.671564731,0.343129463,0,0,0
dbert,bert,18,8,8,17949.3,0,7579.8,2.368044012,15152.4,1.999050107,7704.8,125,29836.6,0,0,0,1,0,0,0,1,1,3,0.860718802,0.721437605,0.44287521,0,0,0
dbert,bert,20,8,8,13961.3,0,12186.7,1.145617764,20222.4,1.65938277,12326.4,139.7,40080,0,0,0,1,0,0,0,1,1,3,0.820933581,0.641867161,0.283734323,0,0,1
dbert,bert,2,12,12,583.6,0,464.3,1.25694594,368.1,0.792806375,1211.9,747.6,1548.1,1,1,1,0,1,1,1,0,1,3,3.283755997,7.567511995,16.13502399,0,0,0
dbert,bert,4,12,12,182,0,157.6,1.154822335,126,0.799492386,218.3,60.7,194.8,1,1,1,0,1,1,1,0,1,3,12.73626374,26.47252747,53.94505495,0,0,0
dbert,bert,6,12,12,215,0,180,1.194444444,150,0.833333333,245.1,65.1,231.7,1,1,1,0,1,1,1,0,1,3,10.62790698,22.25581395,45.51162791,0,0,0
dbert,bert,8,12,12,314.3,0,209.8,1.498093422,187.8,0.895138227,276,66.2,287.3,1,1,1,0,1,1,1,0,1,3,6.954183901,14.9083678,30.8167356,0,0,0
dbert,bert,10,12,12,510.4,0,249.4,2.046511628,240,0.962309543,321,71.6,374.3,1,1,1,0,1,1,1,0,1,3,3.898119122,8.796238245,18.59247649,0,0,0
dbert,bert,12,12,12,1005.5,0,320.9,3.133374883,467.1,1.455593643,396.5,75.6,739.4,1,1,1,0,1,1,1,0,1,3,1.486325211,3.972650423,8.945300845,0,0,0
dbert,bert,14,12,12,2657.1,0,436.5,6.087285223,3183.5,7.293241695,517.2,80.7,5962.6,0,1,1,0,0,1,1,0,1,3,0.05912461,0.881750781,2.763501562,1,0,0
dbert,bert,16,12,12,11794.9,0,694.3,16.98818954,9218.2,13.27696961,779.7,85.4,18035.2,0,0,0,1,0,0,1,0,1,3,0.788043985,0.57608797,0.15217594,0,0,1
dbert,bert,18,12,12,16614.1,0,1168.9,14.21344854,13693.4,11.71477457,1260.6,91.7,27000.6,0,0,0,1,0,0,0,1,1,3,0.849525403,0.699050806,0.398101612,0,0,0
dbert,bert,20,12,12,4302.7,0,3311.9,1.299163622,16208.2,4.893927957,3414.6,102.7,32151.7,0,1,1,0,0,0,0,1,1,3,0.418969484,0.162061031,1.324122063,0,1,0
dbert,mnist,2,6,6,285.9,0,288.3,0.991675338,549.2,1.904960111,291.9,3.6,565.2,1,1,1,0,1,1,1,0,1,4,7.744316194,16.48863239,33.97726478,0,0,0
dbert,mnist,4,6,6,234,0,229.9,1.017833841,165.7,0.720748151,232.6,2.7,169.5,1,1,1,0,1,1,1,0,1,4,9.683760684,20.36752137,41.73504274,0,0,0
dbert,mnist,6,6,6,298.4,0,288.9,1.032883351,190.6,0.659743856,291.6,2.7,196.4,1,1,1,0,1,1,1,0,1,4,7.378016086,15.75603217,32.51206434,0,0,0
dbert,mnist,8,6,6,441.2,0,421.3,1.04723475,220.6,0.523617375,423.8,2.5,228.9,1,1,1,0,1,1,1,0,1,4,4.666364461,10.33272892,21.66545784,0,0,0
dbert,mnist,10,6,6,922.5,0,789.8,1.16801722,264.8,0.335274753,792.5,2.7,283.1,1,1,1,0,1,1,1,0,1,4,1.7100271,4.420054201,9.840108401,0,0,0
dbert,mnist,12,6,6,5045.9,0,4519.1,1.116571884,344.7,0.07627625,4521.6,2.5,399.6,0,0,1,0,1,1,1,0,1,4,0.504548247,0.009096494,0.981807012,0,1,0
dbert,mnist,14,6,6,10658.2,0,10481.3,1.016877677,676.5,0.06454352,10483.8,2.5,1019.7,0,0,0,1,1,1,1,0,1,4,0.765438817,0.530877634,0.061755268,0,0,1
dbert,mnist,16,6,6,15527.9,0,14438.3,1.075465948,3876.9,0.268514991,14440.8,2.5,7657.7,0,0,0,1,0,1,1,0,1,4,0.838999478,0.677998957,0.355997913,0,0,0
dbert,mnist,18,6,6,21675.3,0,19621.2,1.104687787,8295.5,0.422782501,19623.7,2.5,16145.2,0,0,0,1,0,0,1,0,1,4,0.884661343,0.769322685,0.538645371,0,0,0
dbert,mnist,20,6,6,27110,0,26111.6,1.03823588,13168.1,0.504300771,26114.1,2.5,25828.8,0,0,0,1,0,0,0,1,1,4,0.907783106,0.815566212,0.631132423,0,0,0
dbert,mnist,2,8,8,356.2,0,492.5,0.723248731,570.8,1.158984772,496.1,3.6,583.4,1,1,1,0,1,1,1,0,1,4,6.018528916,13.03705783,27.07411567,0,0,0
dbert,mnist,4,8,8,176.2,0,176.4,0.998866213,118.8,0.673469388,179,2.6,122,1,1,1,0,1,1,1,0,1,4,13.18842225,27.37684449,55.75368899,0,0,0
dbert,mnist,6,8,8,208.7,0,210.9,0.989568516,132.9,0.630156472,213.5,2.6,136.2,1,1,1,0,1,1,1,0,1,4,10.97891711,22.95783421,46.91566842,0,0,0
dbert,mnist,8,8,8,259,0,264.9,0.977727444,141.6,0.534541336,267.4,2.5,145.4,1,1,1,0,1,1,1,0,1,4,8.652509653,18.30501931,37.61003861,0,0,0
dbert,mnist,10,8,8,365.4,0,353,1.035127479,155.9,0.44164306,355.6,2.6,159.7,1,1,1,0,1,1,1,0,1,4,5.841817187,12.68363437,26.36726875,0,0,0
dbert,mnist,12,8,8,568,0,512.7,1.107860347,178.6,0.348351863,515.1,2.4,184,1,1,1,0,1,1,1,0,1,4,3.401408451,7.802816901,16.6056338,0,0,0
dbert,mnist,14,8,8,2209.5,0,911.1,2.42509055,214.2,0.235100428,913.4,2.3,223,1,1,1,0,1,1,1,0,1,4,0.13147771,1.26295542,3.52591084,1,0,0
dbert,mnist,16,8,8,4043.7,0,3826.4,1.056789672,267.9,0.07001359,3828.7,2.3,289.9,0,1,1,0,1,1,1,0,1,4,0.381754334,0.236491332,1.472982664,0,1,0
dbert,mnist,18,8,8,7428.7,0,7579.8,0.980065437,446.9,0.058959339,7582.1,2.3,588,0,0,1,0,1,1,1,0,1,4,0.663467363,0.326934726,0.346130548,0,0,0
dbert,mnist,20,8,8,13793.9,0,12186.7,1.131881477,2387.5,0.195910296,12189.1,2.4,4608.7,0,0,0,1,1,1,1,0,1,4,0.818760467,0.637520933,0.275041866,0,0,1
dbert,mnist,2,12,12,462.6,0,464.3,0.996338574,467.4,1.006676718,468.3,4,478.2,1,1,1,0,1,1,1,0,1,4,4.404236922,9.808473843,20.61694769,0,0,0
dbert,mnist,4,12,12,155.5,0,157.6,0.986675127,110.2,0.699238579,160,2.4,113.6,1,1,1,0,1,1,1,0,1,4,15.07717042,31.15434084,63.30868167,0,0,0
dbert,mnist,6,12,12,182.6,0,180,1.014444444,121.5,0.675,182.4,2.4,125.1,1,1,1,0,1,1,1,0,1,4,12.69112815,26.3822563,53.7645126,0,0,0
dbert,mnist,8,12,12,216.4,0,209.8,1.031458532,130.4,0.621544328,212.1,2.3,134.3,1,1,1,0,1,1,1,0,1,4,10.55268022,22.10536044,45.21072089,0,0,0
dbert,mnist,10,12,12,274.9,0,249.4,1.102245389,145.9,0.58500401,251.7,2.3,150.2,1,1,1,0,1,1,1,0,1,4,8.094216079,17.18843216,35.37686431,0,0,0
dbert,mnist,12,12,12,355.3,0,320.9,1.107198504,175.8,0.547834216,323.2,2.3,180.8,1,1,1,0,1,1,1,0,1,4,6.036307346,13.07261469,27.14522938,0,0,0
dbert,mnist,14,12,12,491,0,436.5,1.124856816,220.4,0.504925544,438.9,2.4,226.3,1,1,1,0,1,1,1,0,1,4,4.091649695,9.183299389,19.36659878,0,0,0
dbert,mnist,16,12,12,659.6,0,694.3,0.950021605,296.4,0.426904796,696.9,2.6,310.8,1,1,1,0,1,1,1,0,1,4,2.790175864,6.580351728,14.16070346,0,0,0
dbert,mnist,18,12,12,1044.4,0,1168.9,0.893489606,412.3,0.352724784,1171.4,2.5,456,1,1,1,0,1,1,1,0,1,4,1.393718882,3.787437763,8.574875527,0,0,0
dbert,mnist,20,12,12,3792.6,0,3311.9,1.145143271,1048.4,0.316555452,3314.3,2.4,1612.1,0,1,1,0,1,1,1,0,1,4,0.3408216,0.3183568,1.6367136,0,0,0
dbert,resnet,2,6,6,330.1,0,288.3,1.14498786,567.7,1.969129379,442,153.7,707.7,1,1,1,0,1,1,1,0,1,2,6.573462587,14.14692517,29.29385035,0,0,0
dbert,resnet,4,6,6,261.1,0,229.9,1.135711179,198.6,0.86385385,404.3,174.4,361.1,1,1,1,0,1,1,1,0,1,2,8.574875527,18.14975105,37.29950211,0,0,0
dbert,resnet,6,6,6,399.5,0,288.9,1.38283143,305.3,1.056767047,500,211.1,563.6,1,1,1,0,1,1,1,0,1,2,5.257822278,11.51564456,24.03128911,0,0,0
dbert,resnet,8,6,6,708.5,0,421.3,1.681699502,1269.7,3.013766912,689.4,268.1,2445.3,1,1,1,0,1,1,1,0,1,2,2.52858151,6.05716302,13.11432604,0,0,0
dbert,resnet,10,6,6,4010.4,0,789.8,5.0777412,7928.9,10.03912383,1180.3,390.5,15747.2,0,1,1,0,0,0,1,0,1,2,0.376620786,0.246758428,1.493516856,0,1,0
dbert,resnet,12,6,6,10344.5,0,4519.1,2.289061981,14849.9,3.286030404,5481.7,962.6,29660.4,0,0,0,1,0,0,0,1,1,2,0.75832568,0.516651361,0.033302721,0,0,1
dbert,resnet,14,6,6,16339.1,0,10481.3,1.558881055,24210.5,2.309875683,15176.5,4695.2,48512.2,0,0,0,1,0,0,0,1,1,2,0.846992796,0.693985593,0.387971186,0,0,0
dbert,resnet,16,6,6,22074.6,0,14438.3,1.528891906,30348.7,2.101957987,23434.1,8995.8,61002,0,0,0,1,0,0,0,1,1,2,0.886747665,0.773495329,0.546990659,0,0,0
dbert,resnet,18,6,6,29778.4,0,19621.2,1.517664567,35978,1.833628932,33644.9,14023.7,72812.9,0,0,0,1,0,0,0,1,1,2,0.91604653,0.832093061,0.664186121,0,0,0
dbert,resnet,20,6,6,31354.5,0,26111.6,1.200788155,41658.1,1.595386725,44901.9,18790.3,94198.7,0,0,0,1,0,0,0,1,1,2,0.920266628,0.840533257,0.681066514,0,0,0
dbert,resnet,2,8,8,585.3,0,492.5,1.188426396,517.1,1.049949239,625.5,133,639.5,1,1,1,0,1,1,1,0,1,2,3.271313856,7.542627712,16.08525542,0,0,0
dbert,resnet,4,8,8,200.8,0,176.4,1.138321995,139.2,0.789115646,325.5,149.1,272.1,1,1,1,0,1,1,1,0,1,2,11.4501992,23.90039841,48.80079681,0,0,0
dbert,resnet,6,8,8,305,0,210.9,1.446183025,185.5,0.879563774,379.6,168.7,365.3,1,1,1,0,1,1,1,0,1,2,7.196721311,15.39344262,31.78688525,0,0,0
dbert,resnet,8,8,8,564.3,0,264.9,2.130237826,282.5,1.066440166,460.8,195.9,542.1,1,1,1,0,1,1,1,0,1,2,3.430267588,7.860535176,16.72107035,0,0,0
dbert,resnet,10,8,8,1595.6,0,353,4.520113314,921.5,2.610481586,593.1,240.1,1764.2,1,1,1,0,1,1,1,0,1,2,0.566808724,2.133617448,5.267234896,0,0,0
dbert,resnet,12,8,8,5536.8,0,512.7,10.79929783,6378,12.44002341,859.3,346.6,12095.2,0,0,1,0,0,0,1,0,1,2,0.548475654,0.096951308,0.806097385,0,1,0
dbert,resnet,14,8,8,12079.2,0,911.1,13.25782022,12821,14.07200088,1462.3,551.2,25459.5,0,0,0,1,0,0,0,1,1,2,0.793032651,0.586065302,0.172130605,0,0,1
dbert,resnet,16,8,8,15877.5,0,3826.4,4.149461635,18481.9,4.830101401,5834.3,2007.9,37062.2,0,0,0,1,0,0,0,1,1,2,0.842544481,0.685088962,0.370177925,0,0,0
dbert,resnet,18,8,8,21351.2,0,7579.8,2.816855326,23033.1,3.038747724,14317.3,6737.5,46029.5,0,0,0,1,0,0,0,1,1,2,0.882910562,0.765821125,0.53164225,0,0,0
dbert,resnet,20,8,8,24159.7,0,12186.7,1.98246449,28679.7,2.353360631,23082.9,10896.2,58026.5,0,0,0,1,0,0,0,1,1,2,0.896521894,0.793043788,0.586087576,0,0,0
dbert,resnet,2,12,12,537.1,0,464.3,1.156795176,520.5,1.121042429,575.7,111.4,618.8,1,1,1,0,1,1,1,0,1,2,3.654626699,8.309253398,17.6185068,0,0,0
dbert,resnet,4,12,12,181.7,0,157.6,1.152918782,129.3,0.820431472,270.8,113.2,241.7,1,1,1,0,1,1,1,0,1,2,12.75894331,26.51788663,54.03577325,0,0,0
dbert,resnet,6,12,12,308.5,0,180,1.713888889,174.6,0.97,311.5,131.5,318.6,1,1,1,0,1,1,1,0,1,2,7.103727715,15.20745543,31.41491086,0,0,0
dbert,resnet,8,12,12,580.5,0,209.8,2.766920877,282.1,1.344613918,351.2,141.4,523.2,1,1,1,0,1,1,1,0,1,2,3.306632214,7.613264427,16.22652885,0,0,0
dbert,resnet,10,12,12,1765.9,0,249.4,7.080593424,2118.1,8.492782678,409.6,160.2,3986.2,1,1,1,0,1,1,1,0,1,2,0.415708704,1.831417408,4.662834815,0,0,0
dbert,resnet,12,12,12,5342.1,0,320.9,16.64724213,8099.6,25.24026176,507.5,186.6,15939.4,0,0,1,0,0,0,1,0,1,2,0.532019243,0.064038487,0.871923027,0,1,0
dbert,resnet,14,12,12,9723.4,0,436.5,22.27583047,13516,30.96449026,674.1,237.6,26816.6,0,0,1,0,0,0,0,1,1,2,0.74288829,0.48577658,0.02844684,0,0,1
dbert,resnet,16,12,12,16715,0,694.3,24.07460752,16504.9,23.77200058,1022.6,328.3,32855.9,0,0,0,1,0,0,0,1,1,2,0.850433742,0.700867484,0.401734969,0,0,0
dbert,resnet,18,12,12,24230.8,0,1168.9,20.72957481,22830.9,19.53195312,1649.5,480.6,45488.5,0,0,0,1,0,0,0,1,1,2,0.896825528,0.793651056,0.587302111,0,0,0
dbert,resnet,20,12,12,24092.6,0,3311.9,7.274555391,29502.2,8.907938042,4143.1,831.2,59454.3,0,0,0,1,0,0,0,1,1,2,0.896233698,0.792467397,0.584934793,0,0,0
mnist,bert,2,6,6,3.7,0,3.6,1.027777778,4.6,1.277777778,783.1,779.5,695.7,0,1,1,0,1,1,1,0,4,3,0.054054054,0.891891892,2.783783784,1,0,0
mnist,bert,4,6,6,3.1,0,2.7,1.148148148,3.1,1.148148148,80.8,78.1,68.1,1,1,1,0,1,1,1,0,4,3,0.129032258,1.258064516,3.516129032,1,0,0
mnist,bert,6,6,6,3.1,0,2.7,1.148148148,3.1,1.148148148,88.3,85.6,70.5,1,1,1,0,1,1,1,0,4,3,0.129032258,1.258064516,3.516129032,1,0,0
mnist,bert,8,6,6,3.2,0,2.5,1.28,3.1,1.24,93.3,90.8,71.5,1,1,1,0,1,1,1,0,4,3,0.09375,1.1875,3.375,1,0,0
mnist,bert,10,6,6,3.4,0,2.7,1.259259259,3.1,1.148148148,101.9,99.2,75.3,1,1,1,0,1,1,1,0,4,3,0.029411765,1.058823529,3.117647059,1,0,0
mnist,bert,12,6,6,3.7,0,2.5,1.48,3.3,1.32,110.8,108.3,79.3,0,1,1,0,1,1,1,0,4,3,0.054054054,0.891891892,2.783783784,1,0,0
mnist,bert,14,6,6,3.8,0,2.5,1.52,3.6,1.44,118.8,116.3,84.6,0,1,1,0,1,1,1,0,4,3,0.078947368,0.842105263,2.684210526,1,0,0
mnist,bert,16,6,6,3.8,0,2.5,1.52,3.7,1.48,126.8,124.3,92.2,0,1,1,0,1,1,1,0,4,3,0.078947368,0.842105263,2.684210526,1,0,0
mnist,bert,18,6,6,3.7,0,2.5,1.48,6.5,2.6,144.4,141.9,109.9,0,1,1,0,1,1,1,0,4,3,0.054054054,0.891891892,2.783783784,1,0,0
mnist,bert,20,6,6,3.8,0,2.5,1.52,13.8,5.52,166.6,164.1,143,0,1,1,0,1,1,1,0,4,3,0.078947368,0.842105263,2.684210526,1,0,0
mnist,bert,4,8,8,3.4,0,2.6,1.307692308,2.9,1.115384615,73.1,70.5,61.2,1,1,1,0,1,1,1,0,4,3,0.029411765,1.058823529,3.117647059,1,0,0
mnist,bert,6,8,8,3.4,0,2.6,1.307692308,3.1,1.192307692,80.6,78,64.6,1,1,1,0,1,1,1,0,4,3,0.029411765,1.058823529,3.117647059,1,0,0
mnist,bert,8,8,8,3.4,0,2.5,1.36,3.1,1.24,85.6,83.1,66.2,1,1,1,0,1,1,1,0,4,3,0.029411765,1.058823529,3.117647059,1,0,0
mnist,bert,10,8,8,3.4,0,2.6,1.307692308,3.3,1.269230769,90.8,88.2,71.7,1,1,1,0,1,1,1,0,4,3,0.029411765,1.058823529,3.117647059,1,0,0
mnist,bert,12,8,8,3.5,0,2.4,1.458333333,3.4,1.416666667,97.2,94.8,75.8,1,1,1,0,1,1,1,0,4,3,0,1,3,1,0,0
mnist,bert,14,8,8,3.7,0,2.3,1.608695652,4.1,1.782608696,101.9,99.6,83.1,0,1,1,0,1,1,1,0,4,3,0.054054054,0.891891892,2.783783784,1,0,0
mnist,bert,16,8,8,3.7,0,2.3,1.608695652,3.7,1.608695652,110.3,108,90.5,0,1,1,0,1,1,1,0,4,3,0.054054054,0.891891892,2.783783784,1,0,0
mnist,bert,18,8,8,3.8,0,2.3,1.652173913,4.5,1.956521739,127.3,125,99.7,0,1,1,0,1,1,1,0,4,3,0.078947368,0.842105263,2.684210526,1,0,0
mnist,bert,20,8,8,4.1,0,2.4,1.708333333,5.2,2.166666667,142.1,139.7,110.5,0,1,1,0,1,1,1,0,4,3,0.146341463,0.707317073,2.414634146,1,0,0
mnist,bert,2,12,12,4,0,4,1,4.2,1.05,751.6,747.6,541.1,0,1,1,0,1,1,1,0,4,3,0.125,0.75,2.5,1,0,0
mnist,bert,4,12,12,3.2,0,2.4,1.333333333,3.1,1.291666667,63.1,60.7,60.7,1,1,1,0,1,1,1,0,4,3,0.09375,1.1875,3.375,1,0,0
mnist,bert,6,12,12,3.2,0,2.4,1.333333333,3.1,1.291666667,67.5,65.1,60.1,1,1,1,0,1,1,1,0,4,3,0.09375,1.1875,3.375,1,0,0
mnist,bert,8,12,12,3.4,0,2.3,1.47826087,3.3,1.434782609,68.5,66.2,62.6,1,1,1,0,1,1,1,0,4,3,0.029411765,1.058823529,3.117647059,1,0,0
mnist,bert,10,12,12,3.6,0,2.3,1.565217391,3.5,1.52173913,73.9,71.6,67.8,0,1,1,0,1,1,1,0,4,3,0.027777778,0.944444444,2.888888889,1,0,0
mnist,bert,12,12,12,3.7,0,2.3,1.608695652,3.5,1.52173913,77.9,75.6,72,0,1,1,0,1,1,1,0,4,3,0.054054054,0.891891892,2.783783784,1,0,0
mnist,bert,14,12,12,3.6,0,2.4,1.5,3.8,1.583333333,83.1,80.7,76.6,0,1,1,0,1,1,1,0,4,3,0.027777778,0.944444444,2.888888889,1,0,0
mnist,bert,16,12,12,3.7,0,2.6,1.423076923,3.7,1.423076923,88,85.4,76.9,0,1,1,0,1,1,1,0,4,3,0.054054054,0.891891892,2.783783784,1,0,0
mnist,bert,18,12,12,3.8,0,2.5,1.52,3.6,1.44,94.2,91.7,84.3,0,1,1,0,1,1,1,0,4,3,0.078947368,0.842105263,2.684210526,1,0,0
mnist,bert,20,12,12,3.9,0,2.4,1.625,3.9,1.625,105.1,102.7,93.8,0,1,1,0,1,1,1,0,4,3,0.102564103,0.794871795,2.58974359,1,0,0
mnist,dbert,2,6,6,4.1,0,3.6,1.138888889,16,4.444444444,291.9,288.3,565.2,0,1,1,0,1,1,1,0,4,1,0.146341463,0.707317073,2.414634146,1,0,0
mnist,dbert,4,6,6,3.7,0,2.7,1.37037037,3.8,1.407407407,232.6,229.9,169.5,0,1,1,0,1,1,1,0,4,1,0.054054054,0.891891892,2.783783784,1,0,0
mnist,dbert,6,6,6,3.9,0,2.7,1.444444444,5.8,2.148148148,291.6,288.9,196.4,0,1,1,0,1,1,1,0,4,1,0.102564103,0.794871795,2.58974359,1,0,0
mnist,dbert,8,6,6,3.9,0,2.5,1.56,8.3,3.32,423.8,421.3,228.9,0,1,1,0,1,1,1,0,4,1,0.102564103,0.794871795,2.58974359,1,0,0
mnist,dbert,10,6,6,4,0,2.7,1.481481481,18.3,6.777777778,792.5,789.8,283.1,0,1,1,0,1,1,1,0,4,1,0.125,0.75,2.5,1,0,0
mnist,dbert,12,6,6,4,0,2.5,1.6,54.9,21.96,4521.6,4519.1,399.6,0,1,1,0,1,1,1,0,4,1,0.125,0.75,2.5,1,0,0
mnist,dbert,14,6,6,4.1,0,2.5,1.64,343.2,137.28,10483.8,10481.3,1019.7,0,1,1,0,1,1,1,0,4,1,0.146341463,0.707317073,2.414634146,1,0,0
mnist,dbert,16,6,6,3.9,0,2.5,1.56,3780.8,1512.32,14440.8,14438.3,7657.7,0,1,1,0,0,0,0,1,4,1,0.102564103,0.794871795,2.58974359,1,0,0
mnist,dbert,18,6,6,3.8,0,2.5,1.52,7849.7,3139.88,19623.7,19621.2,16145.2,0,1,1,0,0,0,0,1,4,1,0.078947368,0.842105263,2.684210526,1,0,0
mnist,dbert,20,6,6,4,0,2.5,1.6,12660.7,5064.28,26114.1,26111.6,25828.8,0,1,1,0,0,0,0,1,4,1,0.125,0.75,2.5,1,0,0
mnist,dbert,2,8,8,4.3,0,3.6,1.194444444,12.6,3.5,496.1,492.5,583.4,0,1,1,0,1,1,1,0,4,1,0.186046512,0.627906977,2.255813953,1,0,0
mnist,dbert,4,8,8,3.4,0,2.6,1.307692308,3.2,1.230769231,179,176.4,122,1,1,1,0,1,1,1,0,4,1,0.029411765,1.058823529,3.117647059,1,0,0
mnist,dbert,6,8,8,3.7,0,2.6,1.423076923,3.3,1.269230769,213.5,210.9,136.2,0,1,1,0,1,1,1,0,4,1,0.054054054,0.891891892,2.783783784,1,0,0
mnist,dbert,8,8,8,3.9,0,2.5,1.56,3.8,1.52,267.4,264.9,145.4,0,1,1,0,1,1,1,0,4,1,0.102564103,0.794871795,2.58974359,1,0,0
mnist,dbert,10,8,8,4.3,0,2.6,1.653846154,3.8,1.461538462,355.6,353,159.7,0,1,1,0,1,1,1,0,4,1,0.186046512,0.627906977,2.255813953,1,0,0
mnist,dbert,12,8,8,4.3,0,2.4,1.791666667,5.4,2.25,515.1,512.7,184,0,1,1,0,1,1,1,0,4,1,0.186046512,0.627906977,2.255813953,1,0,0
mnist,dbert,14,8,8,4.3,0,2.3,1.869565217,8.8,3.826086957,913.4,911.1,223,0,1,1,0,1,1,1,0,4,1,0.186046512,0.627906977,2.255813953,1,0,0
mnist,dbert,16,8,8,4.1,0,2.3,1.782608696,22,9.565217391,3828.7,3826.4,289.9,0,1,1,0,1,1,1,0,4,1,0.146341463,0.707317073,2.414634146,1,0,0
mnist,dbert,18,8,8,4.1,0,2.3,1.782608696,141.1,61.34782609,7582.1,7579.8,588,0,1,1,0,1,1,1,0,4,1,0.146341463,0.707317073,2.414634146,1,0,0
mnist,dbert,20,8,8,4.2,0,2.4,1.75,2221.2,925.5,12189.1,12186.7,4608.7,0,1,1,0,0,0,0,1,4,1,0.166666667,0.666666667,2.333333333,1,0,0
mnist,dbert,2,12,12,3.5,0,4,0.875,10.8,2.7,468.3,464.3,478.2,1,1,1,0,1,1,1,0,4,1,0,1,3,1,0,0
mnist,dbert,4,12,12,3.5,0,2.4,1.458333333,3.4,1.416666667,160,157.6,113.6,1,1,1,0,1,1,1,0,4,1,0,1,3,1,0,0
mnist,dbert,6,12,12,4,0,2.4,1.666666667,3.6,1.5,182.4,180,125.1,0,1,1,0,1,1,1,0,4,1,0.125,0.75,2.5,1,0,0
mnist,dbert,8,12,12,4.5,0,2.3,1.956521739,3.9,1.695652174,212.1,209.8,134.3,0,1,1,0,1,1,1,0,4,1,0.222222222,0.555555556,2.111111111,1,0,0
mnist,dbert,10,12,12,4.6,0,2.3,2,4.3,1.869565217,251.7,249.4,150.2,0,1,1,0,1,1,1,0,4,1,0.239130435,0.52173913,2.043478261,1,0,0
mnist,dbert,12,12,12,5,0,2.3,2.173913043,5,2.173913043,323.2,320.9,180.8,0,1,1,0,1,1,1,0,4,1,0.3,0.4,1.8,1,0,0
mnist,dbert,14,12,12,5.3,0,2.4,2.208333333,5.9,2.458333333,438.9,436.5,226.3,0,1,1,0,1,1,1,0,4,1,0.339622642,0.320754717,1.641509434,0,0,0
mnist,dbert,16,12,12,5,0,2.6,1.923076923,14.4,5.538461538,696.9,694.3,310.8,0,1,1,0,1,1,1,0,4,1,0.3,0.4,1.8,1,0,0
mnist,dbert,18,12,12,4.8,0,2.5,1.92,43.7,17.48,1171.4,1168.9,456,0,1,1,0,1,1,1,0,4,1,0.270833333,0.458333333,1.916666667,1,0,0
mnist,dbert,20,12,12,4.8,0,2.4,2,563.7,234.875,3314.3,3311.9,1612.1,0,1,1,0,0,1,1,0,4,1,0.270833333,0.458333333,1.916666667,1,0,0
mnist,resnet,2,6,6,4.4,0,3.6,1.222222222,3.6,1,157.3,153.7,122.1,0,1,1,0,1,1,1,0,4,2,0.204545455,0.590909091,2.181818182,1,0,0
mnist,resnet,4,6,6,3.4,0,2.7,1.259259259,3.6,1.333333333,177.1,174.4,131,1,1,1,0,1,1,1,0,4,2,0.029411765,1.058823529,3.117647059,1,0,0
mnist,resnet,6,6,6,3.6,0,2.7,1.333333333,3.6,1.333333333,213.8,211.1,148,0,1,1,0,1,1,1,0,4,2,0.027777778,0.944444444,2.888888889,1,0,0
mnist,resnet,8,6,6,3.6,0,2.5,1.44,3.9,1.56,270.6,268.1,161.4,0,1,1,0,1,1,1,0,4,2,0.027777778,0.944444444,2.888888889,1,0,0
mnist,resnet,10,6,6,3.7,0,2.7,1.37037037,5.4,2,393.2,390.5,173.9,0,1,1,0,1,1,1,0,4,2,0.054054054,0.891891892,2.783783784,1,0,0
mnist,resnet,12,6,6,4,0,2.5,1.6,11.4,4.56,965.1,962.6,206.7,0,1,1,0,1,1,1,0,4,2,0.125,0.75,2.5,1,0,0
mnist,resnet,14,6,6,4.1,0,2.5,1.64,22.8,9.12,4697.7,4695.2,259,0,1,1,0,1,1,1,0,4,2,0.146341463,0.707317073,2.414634146,1,0,0
mnist,resnet,16,6,6,3.8,0,2.5,1.52,67.5,27,8998.3,8995.8,369.8,0,1,1,0,1,1,1,0,4,2,0.078947368,0.842105263,2.684210526,1,0,0
mnist,resnet,18,6,6,3.9,0,2.5,1.56,598.8,239.52,14026.2,14023.7,1474.1,0,1,1,0,0,1,1,0,4,2,0.102564103,0.794871795,2.58974359,1,0,0
mnist,resnet,20,6,6,3.9,0,2.5,1.56,4804.9,1921.96,18792.8,18790.3,9574.1,0,1,1,0,0,0,0,1,4,2,0.102564103,0.794871795,2.58974359,1,0,0
mnist,resnet,2,8,8,4.1,0,3.6,1.138888889,3.8,1.055555556,136.6,133,109.1,0,1,1,0,1,1,1,0,4,2,0.146341463,0.707317073,2.414634146,1,0,0
mnist,resnet,4,8,8,3.7,0,2.6,1.423076923,3.1,1.192307692,151.7,149.1,113.7,0,1,1,0,1,1,1,0,4,2,0.054054054,0.891891892,2.783783784,1,0,0
mnist,resnet,6,8,8,3.7,0,2.6,1.423076923,3.3,1.269230769,171.3,168.7,128.5,0,1,1,0,1,1,1,0,4,2,0.054054054,0.891891892,2.783783784,1,0,0
mnist,resnet,8,8,8,3.7,0,2.5,1.48,3.3,1.32,198.4,195.9,136.9,0,1,1,0,1,1,1,0,4,2,0.054054054,0.891891892,2.783783784,1,0,0
mnist,resnet,10,8,8,3.8,0,2.6,1.461538462,4,1.538461538,242.7,240.1,147.1,0,1,1,0,1,1,1,0,4,2,0.078947368,0.842105263,2.684210526,1,0,0
mnist,resnet,12,8,8,4,0,2.4,1.666666667,4.2,1.75,349,346.6,167.9,0,1,1,0,1,1,1,0,4,2,0.125,0.75,2.5,1,0,0
mnist,resnet,14,8,8,4.2,0,2.3,1.826086957,7.2,3.130434783,553.5,551.2,208.4,0,1,1,0,1,1,1,0,4,2,0.166666667,0.666666667,2.333333333,1,0,0
mnist,resnet,16,8,8,4.3,0,2.3,1.869565217,16.5,7.173913043,2010.2,2007.9,264.2,0,1,1,0,1,1,1,0,4,2,0.186046512,0.627906977,2.255813953,1,0,0
mnist,resnet,18,8,8,4.5,0,2.3,1.956521739,56.8,24.69565217,6739.8,6737.5,398.1,0,1,1,0,1,1,1,0,4,2,0.222222222,0.555555556,2.111111111,1,0,0
mnist,resnet,20,8,8,4.2,0,2.4,1.75,468.4,195.1666667,10898.6,10896.2,1229.2,0,1,1,0,1,1,1,0,4,2,0.166666667,0.666666667,2.333333333,1,0,0
mnist,resnet,2,12,12,4.3,0,4,1.075,3.5,0.875,115.4,111.4,93.7,0,1,1,0,1,1,1,0,4,2,0.186046512,0.627906977,2.255813953,1,0,0
mnist,resnet,4,12,12,3.6,0,2.4,1.5,3.5,1.458333333,115.6,113.2,95.5,0,1,1,0,1,1,1,0,4,2,0.027777778,0.944444444,2.888888889,1,0,0
mnist,resnet,6,12,12,3.4,0,2.4,1.416666667,3.6,1.5,133.9,131.5,107.5,1,1,1,0,1,1,1,0,4,2,0.029411765,1.058823529,3.117647059,1,0,0
mnist,resnet,8,12,12,4,0,2.3,1.739130435,3.8,1.652173913,143.7,141.4,115.3,0,1,1,0,1,1,1,0,4,2,0.125,0.75,2.5,1,0,0
mnist,resnet,10,12,12,4,0,2.3,1.739130435,3.9,1.695652174,162.5,160.2,123.5,0,1,1,0,1,1,1,0,4,2,0.125,0.75,2.5,1,0,0
mnist,resnet,12,12,12,4.5,0,2.3,1.956521739,4.1,1.782608696,188.9,186.6,130.1,0,1,1,0,1,1,1,0,4,2,0.222222222,0.555555556,2.111111111,1,0,0
mnist,resnet,14,12,12,4.3,0,2.4,1.791666667,4.6,1.916666667,240,237.6,147,0,1,1,0,1,1,1,0,4,2,0.186046512,0.627906977,2.255813953,1,0,0
mnist,resnet,16,12,12,4.3,0,2.6,1.653846154,5,1.923076923,330.9,328.3,173.3,0,1,1,0,1,1,1,0,4,2,0.186046512,0.627906977,2.255813953,1,0,0
mnist,resnet,18,12,12,4.5,0,2.5,1.8,12,4.8,483.1,480.6,245.7,0,1,1,0,1,1,1,0,4,2,0.222222222,0.555555556,2.111111111,1,0,0
mnist,resnet,20,12,12,4.4,0,2.4,1.833333333,184.1,76.70833333,833.6,831.2,685.9,0,1,1,0,1,1,1,0,4,2,0.204545455,0.590909091,2.181818182,1,0,0
resnet,bert,2,6,6,155.5,0,153.7,1.011711126,214.7,1.396877033,933.2,779.5,1688.8,1,1,1,0,1,1,1,0,2,3,15.07717042,31.15434084,63.30868167,0,0,0
resnet,bert,4,6,6,180.7,0,174.4,1.036123853,135,0.774082569,252.5,78.1,212,1,1,1,0,1,1,1,0,2,3,12.83508578,26.67017156,54.34034311,0,0,0
resnet,bert,6,6,6,228.2,0,211.1,1.081004263,172.4,0.816674562,296.7,85.6,271.9,1,1,1,0,1,1,1,0,2,3,9.955302366,20.91060473,42.82120947,0,0,0
resnet,bert,8,6,6,321.1,0,268.1,1.19768743,228.2,0.851174935,358.9,90.8,372.9,1,1,1,0,1,1,1,0,2,3,6.785736531,14.57147306,30.14294612,0,0,0
resnet,bert,10,6,6,525.7,0,390.5,1.346222791,346.4,0.887067862,489.7,99.2,592.6,1,1,1,0,1,1,1,0,2,3,3.75556401,8.51112802,18.02225604,0,0,0
resnet,bert,12,6,6,2720.4,0,962.6,2.82609599,2875.3,2.987014336,1070.9,108.3,5486,0,1,1,0,0,1,1,0,2,3,0.081017497,0.837965005,2.67593001,1,0,0
resnet,bert,14,6,6,8258.1,0,4695.2,1.758838814,7390.6,1.574075652,4811.5,116.3,14167.4,0,0,1,0,0,0,1,0,2,3,0.697266926,0.394533852,0.210932297,0,0,1
resnet,bert,16,6,6,13568.7,0,8995.8,1.508337224,12549.2,1.395006559,9120.1,124.3,24183.7,0,0,0,1,0,0,0,1,2,3,0.81575243,0.63150486,0.263009721,0,0,1
resnet,bert,18,6,6,19091.5,0,14023.7,1.36137396,17606.5,1.255481792,14165.6,141.9,34097.6,0,0,0,1,0,0,0,1,2,3,0.869051672,0.738103344,0.476206689,0,0,0
resnet,bert,20,6,6,18569.2,0,18790.3,0.988233291,23759.6,1.264460919,18954.4,164.1,45416,0,0,0,1,0,0,0,1,2,3,0.86536846,0.730736919,0.461473838,0,0,0
resnet,bert,2,8,8,136.7,0,133,1.027819549,129.1,0.970676692,1405.2,1272.2,767,1,1,1,0,1,1,1,0,2,3,17.28822238,35.57644477,72.15288954,0,0,0
resnet,bert,4,8,8,160.7,0,149.1,1.077800134,128.5,0.861837693,219.6,70.5,203.5,1,1,1,0,1,1,1,0,2,3,14.55693839,30.11387679,61.22775358,0,0,0
resnet,bert,6,8,8,189.1,0,168.7,1.120924718,159.3,0.944279787,246.7,78,246.4,1,1,1,0,1,1,1,0,2,3,12.22051824,25.44103649,51.88207298,0,0,0
resnet,bert,8,8,8,236.1,0,195.9,1.205206738,187,0.954568658,279,83.1,292,1,1,1,0,1,1,1,0,2,3,9.588733587,20.17746717,41.35493435,0,0,0
resnet,bert,10,8,8,344.6,0,240.1,1.435235319,282.2,1.175343607,328.3,88.2,448.2,1,1,1,0,1,1,1,0,2,3,6.25478816,13.50957632,28.01915264,0,0,0
resnet,bert,12,8,8,664.5,0,346.6,1.917195615,1565.8,4.517599538,441.4,94.8,3026.9,1,1,1,0,1,1,1,0,2,3,2.762227239,6.524454477,14.04890895,0,0,0
resnet,bert,14,8,8,2696,0,551.2,4.891146589,6187.6,11.2256894,650.8,99.6,12130.2,0,1,1,0,0,0,1,0,2,3,0.072700297,0.854599407,2.709198813,1,0,0
resnet,bert,16,8,8,8381.2,0,2007.9,4.174112257,10053.3,5.006872852,2115.9,108,19813.1,0,0,1,0,0,0,0,1,2,3,0.701713358,0.403426717,0.193146566,0,0,1
resnet,bert,18,8,8,14336.1,0,6737.5,2.12780705,12940.6,1.920682746,6862.5,125,25669.5,0,0,0,1,0,0,0,1,2,3,0.825615056,0.651230111,0.302460223,0,0,0
resnet,bert,20,8,8,12202.5,0,10896.2,1.119885832,17268.2,1.584791028,11035.9,139.7,34238.3,0,0,0,1,0,0,0,1,2,3,0.79512395,0.5902479,0.1804958,0,0,1
resnet,bert,2,12,12,114.3,0,111.4,1.026032316,98.8,0.886894075,859,747.6,743.3,1,1,1,0,1,1,1,0,2,3,20.87226597,42.74453193,86.48906387,0,0,0
resnet,bert,4,12,12,126.9,0,113.2,1.121024735,102.8,0.908127209,173.9,60.7,171,1,1,1,0,1,1,1,0,2,3,18.70055162,38.40110323,77.80220646,0,0,0
resnet,bert,6,12,12,146.9,0,131.5,1.117110266,132.5,1.007604563,196.6,65.1,215.6,1,1,1,0,1,1,1,0,2,3,16.01837985,33.0367597,67.0735194,0,0,0
resnet,bert,8,12,12,179.6,0,141.4,1.270155587,154.9,1.095473833,207.6,66.2,254,1,1,1,0,1,1,1,0,2,3,12.91982183,26.83964365,54.67928731,0,0,0
resnet,bert,10,12,12,252.7,0,160.2,1.577403246,190,1.186017478,231.8,71.6,305.4,1,1,1,0,1,1,1,0,2,3,8.893153937,18.78630787,38.57261575,0,0,0
resnet,bert,12,12,12,361.2,0,186.6,1.935691318,299.8,1.60664523,262.2,75.6,476,1,1,1,0,1,1,1,0,2,3,5.9213732,12.8427464,26.6854928,0,0,0
resnet,bert,14,12,12,871.4,0,237.6,3.667508418,1660.9,6.990319865,318.3,80.7,3137.1,1,1,1,0,1,1,1,0,2,3,1.868946523,4.737893046,10.47578609,0,0,0
resnet,bert,16,12,12,2107,0,328.3,6.417910448,6271.3,19.10234542,413.7,85.4,12259,1,1,1,0,0,0,1,0,2,3,0.18652112,1.37304224,3.74608448,1,0,0
resnet,bert,18,12,12,7781.9,0,480.6,16.1920516,12396.3,25.79338327,572.3,91.7,24565.6,0,0,1,0,0,0,0,1,2,3,0.678741695,0.357483391,0.285033218,0,0,1
resnet,bert,20,12,12,11253.6,0,831.2,13.53897979,19942.7,23.99266121,933.9,102.7,39483.1,0,0,0,1,0,0,0,1,2,3,0.777848866,0.555697732,0.111395465,0,0,1
resnet,dbert,2,6,6,159.3,0,153.7,1.036434613,140,0.910865322,442,288.3,707.7,1,1,1,0,1,1,1,0,2,1,14.69365976,30.38731952,61.77463905,0,0,0
resnet,dbert,4,6,6,194.5,0,174.4,1.115252294,162.5,0.931766055,404.3,229.9,361.1,1,1,1,0,1,1,1,0,2,1,11.85347044,24.70694087,50.41388175,0,0,0
resnet,dbert,6,6,6,261,0,211.1,1.236380862,258.3,1.223590715,500,288.9,563.6,1,1,1,0,1,1,1,0,2,1,8.578544061,18.15708812,37.31417625,0,0,0
resnet,dbert,8,6,6,378.7,0,268.1,1.412532637,1175.6,4.384930996,689.4,421.3,2445.3,1,1,1,0,1,1,1,0,2,1,5.601531555,12.20306311,25.40612622,0,0,0
resnet,dbert,10,6,6,678.3,0,390.5,1.737003841,7818.3,20.0212548,1180.3,789.8,15747.2,1,1,1,0,0,0,1,0,2,1,2.6856848,6.3713696,13.7427392,0,0,0
resnet,dbert,12,6,6,3837,0,962.6,3.986079368,14810.5,15.38593393,5481.7,4519.1,29660.4,0,1,1,0,0,0,0,1,2,1,0.348449309,0.303101381,1.606202763,0,0,0
resnet,dbert,14,6,6,9386.6,0,4695.2,1.999190663,24301.7,5.175860453,15176.5,10481.3,48512.2,0,0,1,0,0,0,0,1,2,1,0.733662881,0.467325762,0.065348475,0,0,1
resnet,dbert,16,6,6,13993.6,0,8995.8,1.555570377,30653.3,3.407512395,23434.1,14438.3,61002,0,0,0,1,0,0,0,1,2,1,0.821346901,0.642693803,0.285387606,0,0,1
resnet,dbert,18,6,6,19938.7,0,14023.7,1.421785977,36834.9,2.626617797,33644.9,19621.2,72812.9,0,0,0,1,0,0,0,1,2,1,0.874615697,0.749231394,0.498462788,0,0,0
resnet,dbert,20,6,6,25249.1,0,18790.3,1.343730542,52540.6,2.796155463,44901.9,26111.6,94198.7,0,0,0,1,0,0,0,1,2,1,0.90098657,0.80197314,0.603946279,0,0,0
resnet,dbert,2,8,8,140.3,0,133,1.054887218,122.4,0.920300752,625.5,492.5,639.5,1,1,1,0,1,1,1,0,2,1,16.81895937,34.63791875,70.27583749,0,0,0
resnet,dbert,4,8,8,164.8,0,149.1,1.105298457,132.9,0.891348089,325.5,176.4,272.1,1,1,1,0,1,1,1,0,2,1,14.16990291,29.33980583,59.67961165,0,0,0
resnet,dbert,6,8,8,228.7,0,168.7,1.355660937,179.8,1.065797273,379.6,210.9,365.3,1,1,1,0,1,1,1,0,2,1,9.931351115,20.86270223,42.72540446,0,0,0
resnet,dbert,8,8,8,370.4,0,195.9,1.890760592,259.6,1.325165901,460.8,264.9,542.1,1,1,1,0,1,1,1,0,2,1,5.749460043,12.49892009,25.99784017,0,0,0
resnet,dbert,10,8,8,647.9,0,240.1,2.698458975,842.7,3.509787589,593.1,353,1764.2,1,1,1,0,1,1,1,0,2,1,2.858620157,6.717240315,14.43448063,0,0,0
resnet,dbert,12,8,8,2277,0,346.6,6.569532602,5717.2,16.49509521,859.3,512.7,12095.2,1,1,1,0,0,0,1,0,2,1,0.097935881,1.195871761,3.391743522,1,0,0
resnet,dbert,14,8,8,6521.1,0,551.2,11.83073295,12638.5,22.92906386,1462.3,911.1,25459.5,0,0,1,0,0,0,0,1,2,1,0.616629096,0.233258193,0.533483615,0,1,0
resnet,dbert,16,8,8,10441.7,0,2007.9,5.20030878,18580.3,9.253598287,5834.3,3826.4,37062.2,0,0,0,1,0,0,0,1,2,1,0.760575385,0.52115077,0.042301541,0,0,1
resnet,dbert,18,8,8,16740.9,0,6737.5,2.484734694,22996.4,3.413194805,14317.3,7579.8,46029.5,0,0,0,1,0,0,0,1,2,1,0.850665137,0.701330275,0.40266055,0,0,0
resnet,dbert,20,8,8,19983.5,0,10896.2,1.833987996,29346.8,2.693305923,23082.9,12186.7,58026.5,0,0,0,1,0,0,0,1,2,1,0.87489679,0.74979358,0.499587159,0,0,0
resnet,dbert,2,12,12,128.4,0,111.4,1.152603232,98.3,0.882405745,575.7,464.3,618.8,1,1,1,0,1,1,1,0,2,1,18.47040498,37.94080997,76.88161994,0,0,0
resnet,dbert,4,12,12,145.5,0,113.2,1.285335689,112.4,0.992932862,270.8,157.6,241.7,1,1,1,0,1,1,1,0,2,1,16.18213058,33.36426117,67.72852234,0,0,0
resnet,dbert,6,12,12,221.2,0,131.5,1.682129278,144,1.095057034,311.5,180,318.6,1,1,1,0,1,1,1,0,2,1,10.30198915,21.6039783,44.2079566,0,0,0
resnet,dbert,8,12,12,375.7,0,141.4,2.657001414,241.1,1.705091938,351.2,209.8,523.2,1,1,1,0,1,1,1,0,2,1,5.654245409,12.30849082,25.61698163,0,0,0
resnet,dbert,10,12,12,1473.5,0,160.2,9.197877653,1868.1,11.66104869,409.6,249.4,3986.2,1,1,1,0,1,1,1,0,2,1,0.696640652,2.393281303,5.786562606,0,0,0
resnet,dbert,12,12,12,1932.1,0,186.6,10.35423365,7839.8,42.01393355,507.5,320.9,15939.4,1,1,1,0,0,0,1,0,2,1,0.293928886,1.587857771,4.175715543,1,0,0
resnet,dbert,14,12,12,4152.1,0,237.6,17.47516835,13300.6,55.97895623,674.1,436.5,26816.6,0,1,1,0,0,0,0,1,2,1,0.397895041,0.204209918,1.408419836,0,1,0
resnet,dbert,16,12,12,9727.5,0,328.3,29.62991167,16351,49.80505635,1022.6,694.3,32855.9,0,0,1,0,0,0,0,1,2,1,0.742996659,0.485993318,0.028013364,0,0,1
resnet,dbert,18,12,12,15785.9,0,480.6,32.84623387,22657.6,47.14440283,1649.5,1168.9,45488.5,0,0,0,1,0,0,0,1,2,1,0.841630822,0.683261645,0.36652329,0,0,0
resnet,dbert,20,12,12,20701.3,0,831.2,24.90531761,29952.1,36.03476901,4143.1,3311.9,59454.3,0,0,0,1,0,0,0,1,2,1,0.879234637,0.758469275,0.51693855,0,0,0
resnet,mnist,2,6,6,150.2,0,153.7,0.977228367,118.5,0.770982433,157.3,3.6,122.1,1,1,1,0,1,1,1,0,2,4,15.64447403,32.28894807,65.57789614,0,0,0
resnet,mnist,4,6,6,177.2,0,174.4,1.016055046,127.4,0.730504587,177.1,2.7,131,1,1,1,0,1,1,1,0,2,4,13.10835214,27.21670429,55.43340858,0,0,0
resnet,mnist,6,6,6,210.3,0,211.1,0.996210327,144.4,0.684036002,213.8,2.7,148,1,1,1,0,1,1,1,0,2,4,10.88777936,22.77555873,46.55111745,0,0,0
resnet,mnist,8,6,6,268.8,0,268.1,1.002610966,157.5,0.587467363,270.6,2.5,161.4,1,1,1,0,1,1,1,0,2,4,8.300595238,17.60119048,36.20238095,0,0,0
resnet,mnist,10,6,6,390.3,0,390.5,0.999487836,168.5,0.431498079,393.2,2.7,173.9,1,1,1,0,1,1,1,0,2,4,5.405329234,11.81065847,24.62131694,0,0,0
resnet,mnist,12,6,6,862,0,962.6,0.895491378,195.3,0.202888012,965.1,2.5,206.7,1,1,1,0,1,1,1,0,2,4,1.900232019,4.800464037,10.60092807,0,0,0
resnet,mnist,14,6,6,5185.3,0,4695.2,1.1043832,236.2,0.050306696,4697.7,2.5,259,0,0,1,0,1,1,1,0,2,4,0.517867819,0.035735637,0.928528725,0,1,0
resnet,mnist,16,6,6,9430,0,8995.8,1.048266969,302.3,0.033604571,8998.3,2.5,369.8,0,0,1,0,1,1,1,0,2,4,0.734888653,0.469777306,0.060445387,0,0,1
resnet,mnist,18,6,6,14435.2,0,14023.7,1.029343183,875.3,0.062415768,14026.2,2.5,1474.1,0,0,0,1,1,1,1,0,2,4,0.826812237,0.653624474,0.307248947,0,0,0
resnet,mnist,20,6,6,19056.5,0,18790.3,1.014166884,4769.2,0.253811807,18792.8,2.5,9574.1,0,0,0,1,0,1,1,0,2,4,0.868811167,0.737622334,0.475244667,0,0,0
resnet,mnist,2,8,8,133.7,0,133,1.005263158,105.3,0.791729323,136.6,3.6,109.1,1,1,1,0,1,1,1,0,2,4,17.69857891,36.39715782,73.79431563,0,0,0
resnet,mnist,4,8,8,147.4,0,149.1,0.988598256,110.6,0.741784038,151.7,2.6,113.7,1,1,1,0,1,1,1,0,2,4,15.96065129,32.92130258,66.84260516,0,0,0
resnet,mnist,6,8,8,172.4,0,168.7,1.021932424,125.2,0.742145821,171.3,2.6,128.5,1,1,1,0,1,1,1,0,2,4,13.50116009,28.00232019,57.00464037,0,0,0
resnet,mnist,8,8,8,195.7,0,195.9,0.998979071,133.6,0.681980602,198.4,2.5,136.9,1,1,1,0,1,1,1,0,2,4,11.77465508,24.54931017,50.09862034,0,0,0
resnet,mnist,10,8,8,248.8,0,240.1,1.036234902,143.1,0.596001666,242.7,2.6,147.1,1,1,1,0,1,1,1,0,2,4,9.048231511,19.09646302,39.19292605,0,0,0
resnet,mnist,12,8,8,349.8,0,346.6,1.009232545,163.7,0.472302366,349,2.4,167.9,1,1,1,0,1,1,1,0,2,4,6.146941109,13.29388222,27.58776444,0,0,0
resnet,mnist,14,8,8,595.3,0,551.2,1.080007257,201.2,0.365021771,553.5,2.3,208.4,1,1,1,0,1,1,1,0,2,4,3.199563245,7.399126491,15.79825298,0,0,0
resnet,mnist,16,8,8,2498.9,0,2007.9,1.24453409,247.7,0.123362717,2010.2,2.3,264.2,1,1,1,0,1,1,1,0,2,4,0.000440194,1.000880387,3.001760775,1,0,0
resnet,mnist,18,8,8,6551,0,6737.5,0.97231911,341.3,0.050656772,6739.8,2.3,398.1,0,0,1,0,1,1,1,0,2,4,0.618378873,0.236757747,0.526484506,0,1,0
resnet,mnist,20,8,8,10478.2,0,10896.2,0.961638002,760.8,0.069822507,10898.6,2.4,1229.2,0,0,0,1,1,1,1,0,2,4,0.761409402,0.522818805,0.04563761,0,0,1
resnet,mnist,2,12,12,110.9,0,111.4,0.99551167,90.2,0.809694794,115.4,4,93.7,1,1,1,0,1,1,1,0,2,4,21.54283138,44.08566276,89.17132552,0,0,0
resnet,mnist,4,12,12,116.8,0,113.2,1.03180212,92,0.812720848,115.6,2.4,95.5,1,1,1,0,1,1,1,0,2,4,20.40410959,41.80821918,84.61643836,0,0,0
resnet,mnist,6,12,12,131.4,0,131.5,0.999239544,103.9,0.790114068,133.9,2.4,107.5,1,1,1,0,1,1,1,0,2,4,18.02587519,37.05175038,75.10350076,0,0,0
resnet,mnist,8,12,12,148.6,0,141.4,1.050919378,111.5,0.78854314,143.7,2.3,115.3,1,1,1,0,1,1,1,0,2,4,15.82368775,32.6473755,66.29475101,0,0,0
resnet,mnist,10,12,12,167.6,0,160.2,1.04619226,119.6,0.746566792,162.5,2.3,123.5,1,1,1,0,1,1,1,0,2,4,13.91646778,28.83293556,58.66587112,0,0,0
resnet,mnist,12,12,12,196.7,0,186.6,1.054126474,126,0.675241158,188.9,2.3,130.1,1,1,1,0,1,1,1,0,2,4,11.70971022,24.41942044,49.83884087,0,0,0
resnet,mnist,14,12,12,229.7,0,237.6,0.966750842,142.4,0.599326599,240,2.4,147,1,1,1,0,1,1,1,0,2,4,9.883761428,20.76752286,42.53504571,0,0,0
resnet,mnist,16,12,12,285.5,0,328.3,0.869631435,168.3,0.512640877,330.9,2.6,173.3,1,1,1,0,1,1,1,0,2,4,7.756567426,16.51313485,34.0262697,0,0,0
resnet,mnist,18,12,12,443.2,0,480.6,0.922180608,233.7,0.486267166,483.1,2.5,245.7,1,1,1,0,1,1,1,0,2,4,4.640794224,10.28158845,21.5631769,0,0,0
resnet,mnist,20,12,12,951.9,0,831.2,1.145211742,501.8,0.603705486,833.6,2.4,685.9,1,1,1,0,1,1,1,0,2,4,1.626326295,4.25265259,9.505305179,0,0,0
